{"val_loss":1.7360796141125199,"_wandb":{"runtime":1032},"epoch_duration_sec":665.7737662792206,"_step":0,"val_accuracy":0.21074501189822442,"train_accuracy":0.31551420001510033,"train_loss":2.637409765149238,"val_precision":0.46987918725974737,"_timestamp":1.7820247006521668e+09,"train_precision":0.4856352542000609,"_runtime":1032,"learning_rate":0.0004995076687428538,"epoch":1}