{"_wandb":{"runtime":2389},"_runtime":2389,"epoch":21,"train_precision":0.48321864511653195,"val_precision":0.4808175807803334,"train_loss":2.453408207770533,"_timestamp":1.7820210232092853e+09,"_step":20,"val_accuracy":0.24187388377524385,"val_loss":1.7036197887402829,"learning_rate":0.00031254812684763125,"epoch_duration_sec":106.25820708274841,"train_accuracy":0.3327321251184487}