{"_timestamp":1.7820072714129746e+09,"train_loss":2.4489744496848043,"val_precision":0,"epoch_duration_sec":101.88038659095764,"epoch":25,"train_precision":0,"_step":24,"train_accuracy":0.05463975573245929,"_wandb":{"runtime":2643},"val_loss":1.5992735557467024,"val_accuracy":0.04219444062829143,"_runtime":2643,"learning_rate":0.0002505}