{"learning_rate":0.00031254812684763125,"epoch":21,"val_precision":0.4928892354535665,"val_accuracy":0.2979346979896506,"train_accuracy":0.33708325513048815,"_runtime":5701,"val_loss":1.6359541722547228,"train_loss":2.691575827866583,"epoch_duration_sec":279.53681111335754,"_timestamp":1.7819617237531576e+09,"_step":20,"train_precision":0.4924051721533051,"_wandb":{"runtime":5701}}