{"train_precision":0.4948734786896424,"val_accuracy":0.3521233754347428,"epoch":1,"_runtime":778,"_timestamp":1.781953341209952e+09,"train_accuracy":0.35384154279451907,"train_loss":2.741061226023318,"_wandb":{"runtime":778},"epoch_duration_sec":776.9529733657837,"learning_rate":0.0004995076687428538,"_step":0,"val_loss":1.6415102831492365,"val_precision":0.4981603514552444}