{"train_loss":2.5489310989335214,"_runtime":2761,"epoch_duration_sec":103.30855989456177,"_timestamp":1.7820296908611486e+09,"_wandb":{"runtime":2761},"val_loss":1.6653637613091514,"train_accuracy":0.32463412512760415,"train_precision":0.49793530626290433,"val_accuracy":0.24839492604295463,"_step":23,"learning_rate":0.00026616623462256375,"epoch":24,"val_precision":0.4940922163805895}