{"train_accuracy":0.33888230204761755,"epoch_duration_sec":116.64792346954346,"val_precision":0.49810397889646074,"train_loss":2.6832623319826863,"_runtime":5691,"val_accuracy":0.3259055731098594,"epoch":21,"learning_rate":0.00031254812684763125,"val_loss":1.6666838799681618,"train_precision":0.4907788115939351,"_step":20,"_timestamp":1.781961859191299e+09,"_wandb":{"runtime":5691}}