{"train_accuracy":0.36195563615942994,"train_precision":0.4707886769127615,"_timestamp":1.7819765637193282e+09,"val_loss":1.4003658160357408,"val_precision":0.4673177298299531,"learning_rate":0.00029725163798913836,"train_loss":1.96662284375922,"_step":21,"epoch":22,"_wandb":{"runtime":2304},"val_accuracy":0.29945204217893817,"epoch_duration_sec":104.40010452270508,"_runtime":2304}