{"val_precision":0.4565457703847976,"learning_rate":0.0004995076687428538,"train_accuracy":0.3761597692079406,"epoch":1,"train_precision":0.4529970706657556,"_timestamp":1.7819727958370295e+09,"_step":0,"val_loss":1.384872340209984,"val_accuracy":0.34940180379164365,"_wandb":{"runtime":635},"train_loss":2.0752465201715102,"epoch_duration_sec":635.4924221038818,"_runtime":635}